<?xml version="1.0" encoding="UTF-8"?>
<!DOCTYPE log4j:configuration SYSTEM "log4j.dtd" >
<log4j:configuration xmlns:log4j="http://jakarta.apache.org/log4j/">

    <!-- Appenders -->
    <appender name="console" class="org.apache.log4j.ConsoleAppender">
        <param name="Target" value="System.out"/>
        <layout class="org.apache.log4j.PatternLayout">
            <param name="ConversionPattern" value="%-5p: %c - %m%n"/>
        </layout>
    </appender>

    <!-- Application Loggers -->
    <logger name="com.ds.cvbank.controller">
        <level value="info"/>
    </logger>

    <logger name="com.ds.cvbank.congiguration">
        <level value="info"/>
    </logger>

    <logger name="com.ds.cvbank.model">
        <level value="info"/>
    </logger>

    <logger name="com.ds.cvbank.service">
        <level value="info"/>
    </logger>


    <!-- 3rdparty Loggers -->
    <logger name="org.springframework.core">
        <level value="info"/>
    </logger>

    <logger name="org.springframework.beans">
        <level value="info"/>
    </logger>

    <logger name="org.springframework.context">
        <level value="info"/>
    </logger>

    <logger name="org.springframework.web">
        <level value="info"/>
    </logger>

    <logger name="org.hibernate">
        <level value="warn"/>
    </logger>


    <!-- Root Logger -->
    <root>
        <priority value="warn"/>
        <appender-ref ref="console"/>
    </root>

</log4j:configuration>
